,date_dob,fjc_id,fl_initial,fml_initial,id,name_first,name_last,name_middle,docket_number,pacer_case_id,district_name,query_district_code,docket_padded,docket,title
0,1790-03-29,,jt,jt,10,John,Tyler,,2:91-cv-3021,19939,tnw,tnwd,9103021,9103021,"2:91-cv-03021-jt Tennessee, State Of, et al v. Joe Stewart Body Sho (closed 02/26/1992)"
1,1790-03-29,,jt,jt,10,John,Tyler,,2:92-cv-2586,20638,tnw,tnwd,9202586,9202586,"2:92-cv-02586-jt Tacker v. Wilson, et al (closed 08/08/1995)"
2,1790-03-29,,jt,jt,10,John,Tyler,,2:94-cv-2618,24828,tnw,tnwd,9402618,9402618,"2:94-cv-02618-jt Valley Products Co., v. Landmark, et al (closed 12/22/1994)"
3,1790-03-29,,jt,jt,10,John,Tyler,,2:94-cv-2824,24997,tnw,tnwd,9402824,9402824,"2:94-cv-02824-jt B.N.P. Ind., Inc. v. HFS Purchasing Svc., et al (closed 12/22/1994)"
4,1790-03-29,,jt,jt,10,John,Tyler,,2:86-cv-2871,18192,tnw,tnwd,8602871,8602871,2:86-cv-02871-jt Paul E Volpp Tractor v. Caterpillar Inc (closed 08/14/1996)
5,1790-03-29,,jt,jt,10,John,Tyler,,2:93-cv-2965,22818,tnw,tnwd,9302965,9302965,"2:93-cv-02965-jt Hutchison, et al v. BP Exploration & Oil, et al (closed 10/13/1995)"
6,1790-03-29,,jt,jt,10,John,Tyler,,2:96-cv-2859,29847,tnw,tnwd,9602859,9602859,"2:96-cv-02859-jt Duke v. Browning-Ferris Ind., et al (closed 10/22/1996)"
7,1790-03-29,,jt,jt,10,John,Tyler,,2:95-cv-2983,27592,tnw,tnwd,9502983,9502983,"2:95-cv-02983-jt Homer Skelton, Inc. v. Mitsubishi Motor Sal (closed 02/23/1998)"
8,1853-10-06,2410.0,jt,jt,3261,Jacob,Trieber,,2:91-cv-3021,19939,tnw,tnwd,9103021,9103021,"2:91-cv-03021-jt Tennessee, State Of, et al v. Joe Stewart Body Sho (closed 02/26/1992)"
9,1853-10-06,2410.0,jt,jt,3261,Jacob,Trieber,,2:92-cv-2586,20638,tnw,tnwd,9202586,9202586,"2:92-cv-02586-jt Tacker v. Wilson, et al (closed 08/08/1995)"
10,1853-10-06,2410.0,jt,jt,3261,Jacob,Trieber,,2:94-cv-2618,24828,tnw,tnwd,9402618,9402618,"2:94-cv-02618-jt Valley Products Co., v. Landmark, et al (closed 12/22/1994)"
11,1853-10-06,2410.0,jt,jt,3261,Jacob,Trieber,,2:94-cv-2824,24997,tnw,tnwd,9402824,9402824,"2:94-cv-02824-jt B.N.P. Ind., Inc. v. HFS Purchasing Svc., et al (closed 12/22/1994)"
12,1853-10-06,2410.0,jt,jt,3261,Jacob,Trieber,,2:86-cv-2871,18192,tnw,tnwd,8602871,8602871,2:86-cv-02871-jt Paul E Volpp Tractor v. Caterpillar Inc (closed 08/14/1996)
13,1853-10-06,2410.0,jt,jt,3261,Jacob,Trieber,,2:93-cv-2965,22818,tnw,tnwd,9302965,9302965,"2:93-cv-02965-jt Hutchison, et al v. BP Exploration & Oil, et al (closed 10/13/1995)"
14,1853-10-06,2410.0,jt,jt,3261,Jacob,Trieber,,2:96-cv-2859,29847,tnw,tnwd,9602859,9602859,"2:96-cv-02859-jt Duke v. Browning-Ferris Ind., et al (closed 10/22/1996)"
15,1853-10-06,2410.0,jt,jt,3261,Jacob,Trieber,,2:95-cv-2983,27592,tnw,tnwd,9502983,9502983,"2:95-cv-02983-jt Homer Skelton, Inc. v. Mitsubishi Motor Sal (closed 02/23/1998)"
16,1942-02-18,2424.0,jt,jt,3277,Jerome,Turner,,2:91-cv-3021,19939,tnw,tnwd,9103021,9103021,"2:91-cv-03021-jt Tennessee, State Of, et al v. Joe Stewart Body Sho (closed 02/26/1992)"
17,1942-02-18,2424.0,jt,jt,3277,Jerome,Turner,,2:92-cv-2586,20638,tnw,tnwd,9202586,9202586,"2:92-cv-02586-jt Tacker v. Wilson, et al (closed 08/08/1995)"
18,1942-02-18,2424.0,jt,jt,3277,Jerome,Turner,,2:94-cv-2618,24828,tnw,tnwd,9402618,9402618,"2:94-cv-02618-jt Valley Products Co., v. Landmark, et al (closed 12/22/1994)"
19,1942-02-18,2424.0,jt,jt,3277,Jerome,Turner,,2:94-cv-2824,24997,tnw,tnwd,9402824,9402824,"2:94-cv-02824-jt B.N.P. Ind., Inc. v. HFS Purchasing Svc., et al (closed 12/22/1994)"
20,1942-02-18,2424.0,jt,jt,3277,Jerome,Turner,,2:86-cv-2871,18192,tnw,tnwd,8602871,8602871,2:86-cv-02871-jt Paul E Volpp Tractor v. Caterpillar Inc (closed 08/14/1996)
21,1942-02-18,2424.0,jt,jt,3277,Jerome,Turner,,2:93-cv-2965,22818,tnw,tnwd,9302965,9302965,"2:93-cv-02965-jt Hutchison, et al v. BP Exploration & Oil, et al (closed 10/13/1995)"
22,1942-02-18,2424.0,jt,jt,3277,Jerome,Turner,,2:96-cv-2859,29847,tnw,tnwd,9602859,9602859,"2:96-cv-02859-jt Duke v. Browning-Ferris Ind., et al (closed 10/22/1996)"
23,1942-02-18,2424.0,jt,jt,3277,Jerome,Turner,,2:95-cv-2983,27592,tnw,tnwd,9502983,9502983,"2:95-cv-02983-jt Homer Skelton, Inc. v. Mitsubishi Motor Sal (closed 02/23/1998)"
24,1747-02-28,2429.0,jt,jt,3282,John,Tyler,,2:91-cv-3021,19939,tnw,tnwd,9103021,9103021,"2:91-cv-03021-jt Tennessee, State Of, et al v. Joe Stewart Body Sho (closed 02/26/1992)"
25,1747-02-28,2429.0,jt,jt,3282,John,Tyler,,2:92-cv-2586,20638,tnw,tnwd,9202586,9202586,"2:92-cv-02586-jt Tacker v. Wilson, et al (closed 08/08/1995)"
26,1747-02-28,2429.0,jt,jt,3282,John,Tyler,,2:94-cv-2618,24828,tnw,tnwd,9402618,9402618,"2:94-cv-02618-jt Valley Products Co., v. Landmark, et al (closed 12/22/1994)"
27,1747-02-28,2429.0,jt,jt,3282,John,Tyler,,2:94-cv-2824,24997,tnw,tnwd,9402824,9402824,"2:94-cv-02824-jt B.N.P. Ind., Inc. v. HFS Purchasing Svc., et al (closed 12/22/1994)"
28,1747-02-28,2429.0,jt,jt,3282,John,Tyler,,2:86-cv-2871,18192,tnw,tnwd,8602871,8602871,2:86-cv-02871-jt Paul E Volpp Tractor v. Caterpillar Inc (closed 08/14/1996)
29,1747-02-28,2429.0,jt,jt,3282,John,Tyler,,2:93-cv-2965,22818,tnw,tnwd,9302965,9302965,"2:93-cv-02965-jt Hutchison, et al v. BP Exploration & Oil, et al (closed 10/13/1995)"
30,1747-02-28,2429.0,jt,jt,3282,John,Tyler,,2:96-cv-2859,29847,tnw,tnwd,9602859,9602859,"2:96-cv-02859-jt Duke v. Browning-Ferris Ind., et al (closed 10/22/1996)"
31,1747-02-28,2429.0,jt,jt,3282,John,Tyler,,2:95-cv-2983,27592,tnw,tnwd,9502983,9502983,"2:95-cv-02983-jt Homer Skelton, Inc. v. Mitsubishi Motor Sal (closed 02/23/1998)"
32,1827-08-11,,jt,jt,3854,Jackson,Temple,,2:91-cv-3021,19939,tnw,tnwd,9103021,9103021,"2:91-cv-03021-jt Tennessee, State Of, et al v. Joe Stewart Body Sho (closed 02/26/1992)"
33,1827-08-11,,jt,jt,3854,Jackson,Temple,,2:92-cv-2586,20638,tnw,tnwd,9202586,9202586,"2:92-cv-02586-jt Tacker v. Wilson, et al (closed 08/08/1995)"
34,1827-08-11,,jt,jt,3854,Jackson,Temple,,2:94-cv-2618,24828,tnw,tnwd,9402618,9402618,"2:94-cv-02618-jt Valley Products Co., v. Landmark, et al (closed 12/22/1994)"
35,1827-08-11,,jt,jt,3854,Jackson,Temple,,2:94-cv-2824,24997,tnw,tnwd,9402824,9402824,"2:94-cv-02824-jt B.N.P. Ind., Inc. v. HFS Purchasing Svc., et al (closed 12/22/1994)"
36,1827-08-11,,jt,jt,3854,Jackson,Temple,,2:86-cv-2871,18192,tnw,tnwd,8602871,8602871,2:86-cv-02871-jt Paul E Volpp Tractor v. Caterpillar Inc (closed 08/14/1996)
37,1827-08-11,,jt,jt,3854,Jackson,Temple,,2:93-cv-2965,22818,tnw,tnwd,9302965,9302965,"2:93-cv-02965-jt Hutchison, et al v. BP Exploration & Oil, et al (closed 10/13/1995)"
38,1827-08-11,,jt,jt,3854,Jackson,Temple,,2:96-cv-2859,29847,tnw,tnwd,9602859,9602859,"2:96-cv-02859-jt Duke v. Browning-Ferris Ind., et al (closed 10/22/1996)"
39,1827-08-11,,jt,jt,3854,Jackson,Temple,,2:95-cv-2983,27592,tnw,tnwd,9502983,9502983,"2:95-cv-02983-jt Homer Skelton, Inc. v. Mitsubishi Motor Sal (closed 02/23/1998)"
40,1861-07-21,,jt,jt,4910,Jeff,Truly,,2:91-cv-3021,19939,tnw,tnwd,9103021,9103021,"2:91-cv-03021-jt Tennessee, State Of, et al v. Joe Stewart Body Sho (closed 02/26/1992)"
41,1861-07-21,,jt,jt,4910,Jeff,Truly,,2:92-cv-2586,20638,tnw,tnwd,9202586,9202586,"2:92-cv-02586-jt Tacker v. Wilson, et al (closed 08/08/1995)"
42,1861-07-21,,jt,jt,4910,Jeff,Truly,,2:94-cv-2618,24828,tnw,tnwd,9402618,9402618,"2:94-cv-02618-jt Valley Products Co., v. Landmark, et al (closed 12/22/1994)"
43,1861-07-21,,jt,jt,4910,Jeff,Truly,,2:94-cv-2824,24997,tnw,tnwd,9402824,9402824,"2:94-cv-02824-jt B.N.P. Ind., Inc. v. HFS Purchasing Svc., et al (closed 12/22/1994)"
44,1861-07-21,,jt,jt,4910,Jeff,Truly,,2:86-cv-2871,18192,tnw,tnwd,8602871,8602871,2:86-cv-02871-jt Paul E Volpp Tractor v. Caterpillar Inc (closed 08/14/1996)
45,1861-07-21,,jt,jt,4910,Jeff,Truly,,2:93-cv-2965,22818,tnw,tnwd,9302965,9302965,"2:93-cv-02965-jt Hutchison, et al v. BP Exploration & Oil, et al (closed 10/13/1995)"
46,1861-07-21,,jt,jt,4910,Jeff,Truly,,2:96-cv-2859,29847,tnw,tnwd,9602859,9602859,"2:96-cv-02859-jt Duke v. Browning-Ferris Ind., et al (closed 10/22/1996)"
47,1861-07-21,,jt,jt,4910,Jeff,Truly,,2:95-cv-2983,27592,tnw,tnwd,9502983,9502983,"2:95-cv-02983-jt Homer Skelton, Inc. v. Mitsubishi Motor Sal (closed 02/23/1998)"
48,1935-02-14,,jt,jt,5506,Jacob,Tanzer,,2:91-cv-3021,19939,tnw,tnwd,9103021,9103021,"2:91-cv-03021-jt Tennessee, State Of, et al v. Joe Stewart Body Sho (closed 02/26/1992)"
49,1935-02-14,,jt,jt,5506,Jacob,Tanzer,,2:92-cv-2586,20638,tnw,tnwd,9202586,9202586,"2:92-cv-02586-jt Tacker v. Wilson, et al (closed 08/08/1995)"
50,1935-02-14,,jt,jt,5506,Jacob,Tanzer,,2:94-cv-2618,24828,tnw,tnwd,9402618,9402618,"2:94-cv-02618-jt Valley Products Co., v. Landmark, et al (closed 12/22/1994)"
51,1935-02-14,,jt,jt,5506,Jacob,Tanzer,,2:94-cv-2824,24997,tnw,tnwd,9402824,9402824,"2:94-cv-02824-jt B.N.P. Ind., Inc. v. HFS Purchasing Svc., et al (closed 12/22/1994)"
52,1935-02-14,,jt,jt,5506,Jacob,Tanzer,,2:86-cv-2871,18192,tnw,tnwd,8602871,8602871,2:86-cv-02871-jt Paul E Volpp Tractor v. Caterpillar Inc (closed 08/14/1996)
53,1935-02-14,,jt,jt,5506,Jacob,Tanzer,,2:93-cv-2965,22818,tnw,tnwd,9302965,9302965,"2:93-cv-02965-jt Hutchison, et al v. BP Exploration & Oil, et al (closed 10/13/1995)"
54,1935-02-14,,jt,jt,5506,Jacob,Tanzer,,2:96-cv-2859,29847,tnw,tnwd,9602859,9602859,"2:96-cv-02859-jt Duke v. Browning-Ferris Ind., et al (closed 10/22/1996)"
55,1935-02-14,,jt,jt,5506,Jacob,Tanzer,,2:95-cv-2983,27592,tnw,tnwd,9502983,9502983,"2:95-cv-02983-jt Homer Skelton, Inc. v. Mitsubishi Motor Sal (closed 02/23/1998)"
56,,,jt,jt,6163,John,Tally,,2:91-cv-3021,19939,tnw,tnwd,9103021,9103021,"2:91-cv-03021-jt Tennessee, State Of, et al v. Joe Stewart Body Sho (closed 02/26/1992)"
57,,,jt,jt,6163,John,Tally,,2:92-cv-2586,20638,tnw,tnwd,9202586,9202586,"2:92-cv-02586-jt Tacker v. Wilson, et al (closed 08/08/1995)"
58,,,jt,jt,6163,John,Tally,,2:94-cv-2618,24828,tnw,tnwd,9402618,9402618,"2:94-cv-02618-jt Valley Products Co., v. Landmark, et al (closed 12/22/1994)"
59,,,jt,jt,6163,John,Tally,,2:94-cv-2824,24997,tnw,tnwd,9402824,9402824,"2:94-cv-02824-jt B.N.P. Ind., Inc. v. HFS Purchasing Svc., et al (closed 12/22/1994)"
60,,,jt,jt,6163,John,Tally,,2:86-cv-2871,18192,tnw,tnwd,8602871,8602871,2:86-cv-02871-jt Paul E Volpp Tractor v. Caterpillar Inc (closed 08/14/1996)
61,,,jt,jt,6163,John,Tally,,2:93-cv-2965,22818,tnw,tnwd,9302965,9302965,"2:93-cv-02965-jt Hutchison, et al v. BP Exploration & Oil, et al (closed 10/13/1995)"
62,,,jt,jt,6163,John,Tally,,2:96-cv-2859,29847,tnw,tnwd,9602859,9602859,"2:96-cv-02859-jt Duke v. Browning-Ferris Ind., et al (closed 10/22/1996)"
63,,,jt,jt,6163,John,Tally,,2:95-cv-2983,27592,tnw,tnwd,9502983,9502983,"2:95-cv-02983-jt Homer Skelton, Inc. v. Mitsubishi Motor Sal (closed 02/23/1998)"
64,,,jt,jt,6804,John,Terry,,2:91-cv-3021,19939,tnw,tnwd,9103021,9103021,"2:91-cv-03021-jt Tennessee, State Of, et al v. Joe Stewart Body Sho (closed 02/26/1992)"
65,,,jt,jt,6804,John,Terry,,2:92-cv-2586,20638,tnw,tnwd,9202586,9202586,"2:92-cv-02586-jt Tacker v. Wilson, et al (closed 08/08/1995)"
66,,,jt,jt,6804,John,Terry,,2:94-cv-2618,24828,tnw,tnwd,9402618,9402618,"2:94-cv-02618-jt Valley Products Co., v. Landmark, et al (closed 12/22/1994)"
67,,,jt,jt,6804,John,Terry,,2:94-cv-2824,24997,tnw,tnwd,9402824,9402824,"2:94-cv-02824-jt B.N.P. Ind., Inc. v. HFS Purchasing Svc., et al (closed 12/22/1994)"
68,,,jt,jt,6804,John,Terry,,2:86-cv-2871,18192,tnw,tnwd,8602871,8602871,2:86-cv-02871-jt Paul E Volpp Tractor v. Caterpillar Inc (closed 08/14/1996)
69,,,jt,jt,6804,John,Terry,,2:93-cv-2965,22818,tnw,tnwd,9302965,9302965,"2:93-cv-02965-jt Hutchison, et al v. BP Exploration & Oil, et al (closed 10/13/1995)"
70,,,jt,jt,6804,John,Terry,,2:96-cv-2859,29847,tnw,tnwd,9602859,9602859,"2:96-cv-02859-jt Duke v. Browning-Ferris Ind., et al (closed 10/22/1996)"
71,,,jt,jt,6804,John,Terry,,2:95-cv-2983,27592,tnw,tnwd,9502983,9502983,"2:95-cv-02983-jt Homer Skelton, Inc. v. Mitsubishi Motor Sal (closed 02/23/1998)"
72,,,jt,jt,7249,John,Tuohy,,2:91-cv-3021,19939,tnw,tnwd,9103021,9103021,"2:91-cv-03021-jt Tennessee, State Of, et al v. Joe Stewart Body Sho (closed 02/26/1992)"
73,,,jt,jt,7249,John,Tuohy,,2:92-cv-2586,20638,tnw,tnwd,9202586,9202586,"2:92-cv-02586-jt Tacker v. Wilson, et al (closed 08/08/1995)"
74,,,jt,jt,7249,John,Tuohy,,2:94-cv-2618,24828,tnw,tnwd,9402618,9402618,"2:94-cv-02618-jt Valley Products Co., v. Landmark, et al (closed 12/22/1994)"
75,,,jt,jt,7249,John,Tuohy,,2:94-cv-2824,24997,tnw,tnwd,9402824,9402824,"2:94-cv-02824-jt B.N.P. Ind., Inc. v. HFS Purchasing Svc., et al (closed 12/22/1994)"
76,,,jt,jt,7249,John,Tuohy,,2:86-cv-2871,18192,tnw,tnwd,8602871,8602871,2:86-cv-02871-jt Paul E Volpp Tractor v. Caterpillar Inc (closed 08/14/1996)
77,,,jt,jt,7249,John,Tuohy,,2:93-cv-2965,22818,tnw,tnwd,9302965,9302965,"2:93-cv-02965-jt Hutchison, et al v. BP Exploration & Oil, et al (closed 10/13/1995)"
78,,,jt,jt,7249,John,Tuohy,,2:96-cv-2859,29847,tnw,tnwd,9602859,9602859,"2:96-cv-02859-jt Duke v. Browning-Ferris Ind., et al (closed 10/22/1996)"
79,,,jt,jt,7249,John,Tuohy,,2:95-cv-2983,27592,tnw,tnwd,9502983,9502983,"2:95-cv-02983-jt Homer Skelton, Inc. v. Mitsubishi Motor Sal (closed 02/23/1998)"
80,,,jt,jt,8292,Joseph,Tipton,,2:91-cv-3021,19939,tnw,tnwd,9103021,9103021,"2:91-cv-03021-jt Tennessee, State Of, et al v. Joe Stewart Body Sho (closed 02/26/1992)"
81,,,jt,jt,8292,Joseph,Tipton,,2:92-cv-2586,20638,tnw,tnwd,9202586,9202586,"2:92-cv-02586-jt Tacker v. Wilson, et al (closed 08/08/1995)"
82,,,jt,jt,8292,Joseph,Tipton,,2:94-cv-2618,24828,tnw,tnwd,9402618,9402618,"2:94-cv-02618-jt Valley Products Co., v. Landmark, et al (closed 12/22/1994)"
83,,,jt,jt,8292,Joseph,Tipton,,2:94-cv-2824,24997,tnw,tnwd,9402824,9402824,"2:94-cv-02824-jt B.N.P. Ind., Inc. v. HFS Purchasing Svc., et al (closed 12/22/1994)"
84,,,jt,jt,8292,Joseph,Tipton,,2:86-cv-2871,18192,tnw,tnwd,8602871,8602871,2:86-cv-02871-jt Paul E Volpp Tractor v. Caterpillar Inc (closed 08/14/1996)
85,,,jt,jt,8292,Joseph,Tipton,,2:93-cv-2965,22818,tnw,tnwd,9302965,9302965,"2:93-cv-02965-jt Hutchison, et al v. BP Exploration & Oil, et al (closed 10/13/1995)"
86,,,jt,jt,8292,Joseph,Tipton,,2:96-cv-2859,29847,tnw,tnwd,9602859,9602859,"2:96-cv-02859-jt Duke v. Browning-Ferris Ind., et al (closed 10/22/1996)"
87,,,jt,jt,8292,Joseph,Tipton,,2:95-cv-2983,27592,tnw,tnwd,9502983,9502983,"2:95-cv-02983-jt Homer Skelton, Inc. v. Mitsubishi Motor Sal (closed 02/23/1998)"
88,1943-01-01,800.0,bf,baf,1120,Bernard,Friedman,A.,2:85-cv-2733,18160,tnw,tnwd,8502733,8502733,"2:85-cv-02733-baf Pancho's Mexican Foo, et al v. Kraft, Inc., et al (closed 03/08/1993)"
89,1950-01-01,845.0,jg,jsg,1187,Julia,Gibbons,Smith,2:92-cv-2431,20483,tnw,tnwd,9202431,9202431,"2:92-cv-02431-jsg Baker, et al v. Bank of Bartlett, et al (closed 03/11/1994)"
90,1950-01-01,845.0,jg,jsg,1187,Julia,Gibbons,Smith,1:99-cv-1334,7590,tnw,tnwd,9901334,9901334,1:99-cv-01334-jsg Clark v. Microsoft Corp (closed 03/24/2000)
91,1954-01-01,2730.0,jg,jsg,1311,James,Gwin,S.,2:92-cv-2431,20483,tnw,tnwd,9202431,9202431,"2:92-cv-02431-jsg Baker, et al v. Bank of Bartlett, et al (closed 03/11/1994)"
92,1954-01-01,2730.0,jg,jsg,1311,James,Gwin,S.,1:99-cv-1334,7590,tnw,tnwd,9901334,9901334,1:99-cv-01334-jsg Clark v. Microsoft Corp (closed 03/24/2000)
93,1937-01-01,2889.0,sh,seh,1313,Sam,Haddon,E.,4:90-cv-1059,7950,okn,oknd,9001059,9001059,"4:90-cv-01059-seh Nordam v. Noise Reduction, Inc, et al (closed 03/28/1995)"
94,1937-01-01,2889.0,sh,seh,1313,Sam,Haddon,E.,4:93-cv-535,10188,okn,oknd,9300535,9300535,"4:93-cv-00535-seh LeSea Brdcstg IN Inc, et al v. TCI Cablevision, et al (closed 07/31/1996)"
95,1937-01-01,2889.0,sh,seh,1313,Sam,Haddon,E.,4:97-cv-191,16910,okn,oknd,9700191,9700191,"4:97-cv-00191-seh Le Baud v. Pacificare of OK Inc, et al (closed 06/18/1997)"
96,1951-01-01,1083.0,sh,seh,1503,Sven,Holmes,Erik,4:90-cv-1059,7950,okn,oknd,9001059,9001059,"4:90-cv-01059-seh Nordam v. Noise Reduction, Inc, et al (closed 03/28/1995)"
97,1951-01-01,1083.0,sh,seh,1503,Sven,Holmes,Erik,4:93-cv-535,10188,okn,oknd,9300535,9300535,"4:93-cv-00535-seh LeSea Brdcstg IN Inc, et al v. TCI Cablevision, et al (closed 07/31/1996)"
98,1951-01-01,1083.0,sh,seh,1503,Sven,Holmes,Erik,4:97-cv-191,16910,okn,oknd,9700191,9700191,"4:97-cv-00191-seh Le Baud v. Pacificare of OK Inc, et al (closed 06/18/1997)"
99,1903-12-20,985.0,oh,oh,1375,Oren,Harris,,1:93-cv-1186,3688,tnw,tnwd,9301186,9301186,"1:93-cv-01186-oh-JDB Help-U-Build, Inc. v. Home Bldrs Assn, et al (closed 07/08/1994)"
100,1903-12-20,985.0,oh,oh,1375,Oren,Harris,,2:95-cv-2247,26998,tnw,tnwd,9502247,9502247,2:95-cv-02247-oh Pezzeca Enterprises v. Back Yard Burgers (closed 05/10/1996)
101,1903-12-20,985.0,oh,oh,1375,Oren,Harris,,2:92-cv-2565,20617,tnw,tnwd,9202565,9202565,"2:92-cv-02565-oh Faulkner's Auto v. GKN Parts, et al (closed 12/12/2000)"
102,1822-10-16,1065.0,oh,oh,1481,Ogden,Hoffman,,1:93-cv-1186,3688,tnw,tnwd,9301186,9301186,"1:93-cv-01186-oh-JDB Help-U-Build, Inc. v. Home Bldrs Assn, et al (closed 07/08/1994)"
103,1822-10-16,1065.0,oh,oh,1481,Ogden,Hoffman,,2:95-cv-2247,26998,tnw,tnwd,9502247,9502247,2:95-cv-02247-oh Pezzeca Enterprises v. Back Yard Burgers (closed 05/10/1996)
104,1822-10-16,1065.0,oh,oh,1481,Ogden,Hoffman,,2:92-cv-2565,20617,tnw,tnwd,9202565,9202565,"2:92-cv-02565-oh Faulkner's Auto v. GKN Parts, et al (closed 12/12/2000)"
105,1929-05-13,1096.0,oh,oh,1520,Odell,Horton,,1:93-cv-1186,3688,tnw,tnwd,9301186,9301186,"1:93-cv-01186-oh-JDB Help-U-Build, Inc. v. Home Bldrs Assn, et al (closed 07/08/1994)"
106,1929-05-13,1096.0,oh,oh,1520,Odell,Horton,,2:95-cv-2247,26998,tnw,tnwd,9502247,9502247,2:95-cv-02247-oh Pezzeca Enterprises v. Back Yard Burgers (closed 05/10/1996)
107,1929-05-13,1096.0,oh,oh,1520,Odell,Horton,,2:92-cv-2565,20617,tnw,tnwd,9202565,9202565,"2:92-cv-02565-oh Faulkner's Auto v. GKN Parts, et al (closed 12/12/2000)"
108,1867-02-27,,oh,oh,4395,Oscar,Hale,,1:93-cv-1186,3688,tnw,tnwd,9301186,9301186,"1:93-cv-01186-oh-JDB Help-U-Build, Inc. v. Home Bldrs Assn, et al (closed 07/08/1994)"
109,1867-02-27,,oh,oh,4395,Oscar,Hale,,2:95-cv-2247,26998,tnw,tnwd,9502247,9502247,2:95-cv-02247-oh Pezzeca Enterprises v. Back Yard Burgers (closed 05/10/1996)
110,1867-02-27,,oh,oh,4395,Oscar,Hale,,2:92-cv-2565,20617,tnw,tnwd,9202565,9202565,"2:92-cv-02565-oh Faulkner's Auto v. GKN Parts, et al (closed 12/12/2000)"
111,1921-12-31,1600.0,rm,rmm,2193,Robert,McRae,Malcolm,2:89-cv-2962,18434,tnw,tnwd,8902962,8902962,"2:89-cv-02962-rmm Forked Deer Electric v. City of Ripley, TN, et al (closed 03/24/1993)"
112,1849-05-12,3300.0,rm,rmm,2285,Robert,Montgomery,Morris,2:89-cv-2962,18434,tnw,tnwd,8902962,8902962,"2:89-cv-02962-rmm Forked Deer Electric v. City of Ripley, TN, et al (closed 03/24/1993)"
113,1947-04-25,,rm,rmm,6122,Roger,Monroe,Miles,2:89-cv-2962,18434,tnw,tnwd,8902962,8902962,"2:89-cv-02962-rmm Forked Deer Electric v. City of Ripley, TN, et al (closed 03/24/1993)"
114,,,rm,rmm,6488,Robert,Mallano,M.,2:89-cv-2962,18434,tnw,tnwd,8902962,8902962,"2:89-cv-02962-rmm Forked Deer Electric v. City of Ripley, TN, et al (closed 03/24/1993)"
115,,,rm,rmm,6516,Richard,Mosk,M.,2:89-cv-2962,18434,tnw,tnwd,8902962,8902962,"2:89-cv-02962-rmm Forked Deer Electric v. City of Ripley, TN, et al (closed 03/24/1993)"
116,,,rm,rmm,7573,Richard,Maher,M.,2:89-cv-2962,18434,tnw,tnwd,8902962,8902962,"2:89-cv-02962-rmm Forked Deer Electric v. City of Ripley, TN, et al (closed 03/24/1993)"
117,,,rm,rmm,8021,Robert,Martin,M.,2:89-cv-2962,18434,tnw,tnwd,8902962,8902962,"2:89-cv-02962-rmm Forked Deer Electric v. City of Ripley, TN, et al (closed 03/24/1993)"
118,1941-01-01,1731.0,jm,jgm,2368,John,Murtha,Garvan,1:94-cv-2,2092,vt,vtd,9400002,9400002,"1:94-cv-00002-jgm Small Cities Cable v. C & D Communications, et al (closed 02/26/1996)"
119,1941-01-01,1731.0,jm,jgm,2368,John,Murtha,Garvan,1:93-cv-58,2007,vt,vtd,9300058,9300058,"1:93-cv-00058-jgm Valley Disposal Inc, et al v. Ctl VT Solid Waste, et al (closed 07/09/1997)"
120,1941-01-01,1731.0,jm,jgm,2368,John,Murtha,Garvan,1:00-cv-231,241,vt,vtd,00231,231,"1:00-cv-00231-jgm-jjn Pillemer, et al v. SW VT Health Care, et al (closed 05/07/2001)"
121,1941-01-01,1731.0,jm,jgm,2368,John,Murtha,Garvan,1:08-cv-186,17009,vt,vtd,0800186,800186,"1:08-cv-00186-jgm Smugglers Notch Homeowners' Association, Inc. et al v. Smugglers' Notch Management Company, Ltd. et al (closed 05/29/2009)"
122,1941-01-01,1731.0,jm,jgm,2368,John,Murtha,Garvan,1:09-cv-28,17394,vt,vtd,0900028,900028,1:09-cv-00028-jgm Mayer v. Walmart.com USA LLC et al (closed 05/08/2009)
123,1941-01-01,1731.0,jm,jgm,2368,John,Murtha,Garvan,1:09-cv-173,17963,vt,vtd,0900173,900173,"1:09-cv-00173-jgm Perales v. Lowe's Companies, Incorporated et al (closed 08/19/2009)"
124,1941-01-01,1731.0,jm,jgm,2368,John,Murtha,Garvan,1:12-cv-282,22413,vt,vtd,1200282,1200282,"1:12-cv-00282-jgm Burlington Drug Company, Inc. v. Reckitt Benckiser Group plc et al (closed 06/10/2013)"
125,1941-01-01,1731.0,jm,jgm,2368,John,Murtha,Garvan,1:13-cv-43,22621,vt,vtd,1300043,1300043,"1:13-cv-00043-jgm A.F. of L. - A.G.C. Building Trades Welfare Plan v. Reckitt Benckiser, Inc. et al (closed 06/19/2013)"
126,1941-01-01,1731.0,jm,jgm,2368,John,Murtha,Garvan,1:15-cv-186,25641,vt,vtd,1500186,1500186,1:15-cv-00186-jgm Collins et al v. Southwest Airlines Co. et al (closed 10/30/2015)
127,1941-01-01,1731.0,jm,jgm,2368,John,Murtha,Garvan,1:12-cv-282,22413,vt,vtd,1200282,1200282,"1:12-cv-00282-jgm Burlington Drug Company, Inc. v. Reckitt Benckiser Group plc et al (closed 06/10/2013)"
128,1957-01-01,3532.0,jp,jdp,2549,James,Peterson,Donald,3:17-cv-318,39930,wiw,wiwd,1700318,1700318,"3:17-cv-00318-jdp Authenticom, Inc. v. CDK Global, LLC et al (closed 02/02/2018)"
129,1957-01-01,3532.0,jp,jdp,2549,James,Peterson,Donald,3:17-cv-595,40401,wiw,wiwd,1700595,1700595,"3:17-cv-00595-jdp Mountain Crest SRL, LLC v. Anheuser-Busch InBEV SA/NV et al (closed 04/24/2020)"
130,1957-01-01,3532.0,jp,jdp,2549,James,Peterson,Donald,3:17-cv-864,40881,wiw,wiwd,1700864,1700864,"3:17-cv-00864-jdp Hoover Automotive, LLC v. CDK Global, LLC et al (closed 02/12/2018)"
131,1957-01-01,3532.0,jp,jdp,2549,James,Peterson,Donald,3:17-cv-925,40996,wiw,wiwd,1700925,1700925,"3:17-cv-00925-jdp Cox Automotive, Inc. et al v. CDK Global, LLC (closed 02/12/2018)"
132,1922-01-01,1879.0,jp,jdp,2556,James,Phillips,Dickson,3:17-cv-318,39930,wiw,wiwd,1700318,1700318,"3:17-cv-00318-jdp Authenticom, Inc. v. CDK Global, LLC et al (closed 02/02/2018)"
133,1922-01-01,1879.0,jp,jdp,2556,James,Phillips,Dickson,3:17-cv-595,40401,wiw,wiwd,1700595,1700595,"3:17-cv-00595-jdp Mountain Crest SRL, LLC v. Anheuser-Busch InBEV SA/NV et al (closed 04/24/2020)"
134,1922-01-01,1879.0,jp,jdp,2556,James,Phillips,Dickson,3:17-cv-864,40881,wiw,wiwd,1700864,1700864,"3:17-cv-00864-jdp Hoover Automotive, LLC v. CDK Global, LLC et al (closed 02/12/2018)"
135,1922-01-01,1879.0,jp,jdp,2556,James,Phillips,Dickson,3:17-cv-925,40996,wiw,wiwd,1700925,1700925,"3:17-cv-00925-jdp Cox Automotive, Inc. et al v. CDK Global, LLC (closed 02/12/2018)"
136,1810-01-01,,jp,jdp,3655,John,Phelan,D.,3:17-cv-318,39930,wiw,wiwd,1700318,1700318,"3:17-cv-00318-jdp Authenticom, Inc. v. CDK Global, LLC et al (closed 02/02/2018)"
137,1810-01-01,,jp,jdp,3655,John,Phelan,D.,3:17-cv-595,40401,wiw,wiwd,1700595,1700595,"3:17-cv-00595-jdp Mountain Crest SRL, LLC v. Anheuser-Busch InBEV SA/NV et al (closed 04/24/2020)"
138,1810-01-01,,jp,jdp,3655,John,Phelan,D.,3:17-cv-864,40881,wiw,wiwd,1700864,1700864,"3:17-cv-00864-jdp Hoover Automotive, LLC v. CDK Global, LLC et al (closed 02/12/2018)"
139,1810-01-01,,jp,jdp,3655,John,Phelan,D.,3:17-cv-925,40996,wiw,wiwd,1700925,1700925,"3:17-cv-00925-jdp Cox Automotive, Inc. et al v. CDK Global, LLC (closed 02/12/2018)"
140,1947-01-01,2145.0,ws,wks,2908,William,Sessions,K.,2:93-cv-276,8409,vt,vtd,9300276,9300276,"2:93-cv-00276-wks-ADM Zschaler, et al v. Claneil Enterprises, et al (closed 04/23/1998)"
141,1947-01-01,2145.0,ws,wks,2908,William,Sessions,K.,2:97-cv-270,10494,vt,vtd,9700270,9700270,2:97-cv-00270-wks Appell v. NYNEX Corporation (closed 03/12/1998)
142,1947-01-01,2145.0,ws,wks,2908,William,Sessions,K.,2:97-cv-333,10527,vt,vtd,9700333,9700333,"2:97-cv-00333-wks Sugarbush Village v. Claneil Enterprises, et al (closed 04/23/1998)"
143,1947-01-01,2145.0,ws,wks,2908,William,Sessions,K.,2:97-cv-393,10559,vt,vtd,9700393,9700393,"2:97-cv-00393-wks Weisburgh v. Toys ""R"" Us, Inc., et al (closed 03/27/1998)"
144,1947-01-01,2145.0,ws,wks,2908,William,Sessions,K.,2:98-cv-334,11139,vt,vtd,9800334,9800334,"2:98-cv-00334-wks Mercure v. Champlain Chevrolet, et al (closed 12/23/1998)"
145,1947-01-01,2145.0,ws,wks,2908,William,Sessions,K.,2:99-cv-396,11696,vt,vtd,9900396,9900396,"2:99-cv-00396-wks Cheeseman, et al v. Microsoft Corp (closed 05/09/2000)"
146,1947-01-01,2145.0,ws,wks,2908,William,Sessions,K.,2:99-cv-396,11696,vt,vtd,9900396,9900396,"2:99-cv-00396-wks Cheeseman, et al v. Microsoft Corp (closed 05/09/2000)"
147,1947-01-01,2145.0,ws,wks,2908,William,Sessions,K.,2:99-cv-403,11700,vt,vtd,9900403,9900403,"2:99-cv-00403-wks Cheeseman, et al v. Microsoft Corp (closed 05/09/2000)"
148,1947-01-01,2145.0,ws,wks,2908,William,Sessions,K.,2:00-cv-316,4051,vt,vtd,00316,316,"2:00-cv-00316-wks Pilus v. Sony Music Ent Inc, et al (closed 12/04/2000)"
149,1947-01-01,2145.0,ws,wks,2908,William,Sessions,K.,2:01-cv-194,4612,vt,vtd,0100194,100194,"2:01-cv-00194-wks Vermont, State of, et al v. Suiza Foods Corp, et al (closed 06/27/2001)"
150,1947-01-01,2145.0,ws,wks,2908,William,Sessions,K.,2:97-cv-209,10464,vt,vtd,9700209,9700209,"2:97-cv-00209-wks VT Mobile Home Ownrs, et al v. Lapierre, et al (closed 01/30/2001)"
151,1947-01-01,2145.0,ws,wks,2908,William,Sessions,K.,2:03-cv-78,5904,vt,vtd,0300078,300078,"2:03-cv-00078-wks-jjn Sno-Karr, Inc. v. Mt Holly Sno-Drifter, et al (closed 06/21/2004)"
152,1947-01-01,2145.0,ws,wks,2908,William,Sessions,K.,2:05-cv-93,13369,vt,vtd,0500093,500093,2:05-cv-00093-wks Smith et al v. International Paper Company et al (closed 08/22/2005)
153,1947-01-01,2145.0,ws,wks,2908,William,Sessions,K.,2:09-cv-2,17301,vt,vtd,0900002,900002,2:09-cv-00002-wks Lancaster et al v. Verizon Wireless et al (closed 02/20/2009)
154,1947-01-01,2145.0,ws,wks,2908,William,Sessions,K.,2:05-cv-21,13108,vt,vtd,0500021,500021,"2:05-cv-00021-wks Long v. Quorum Health Resources, L.L.C. et al (closed 01/15/2008)"
155,1947-01-01,2145.0,ws,wks,2908,William,Sessions,K.,2:10-cv-244,19637,vt,vtd,1000244,1000244,"2:10-cv-00244-wks Heiden et al v. United Potato Growers of America, Inc. et al (closed 11/03/2010)"
156,1934-01-01,2275.0,ws,wks,3082,Walter,Stapleton,King,2:93-cv-276,8409,vt,vtd,9300276,9300276,"2:93-cv-00276-wks-ADM Zschaler, et al v. Claneil Enterprises, et al (closed 04/23/1998)"
157,1934-01-01,2275.0,ws,wks,3082,Walter,Stapleton,King,2:97-cv-270,10494,vt,vtd,9700270,9700270,2:97-cv-00270-wks Appell v. NYNEX Corporation (closed 03/12/1998)
158,1934-01-01,2275.0,ws,wks,3082,Walter,Stapleton,King,2:97-cv-333,10527,vt,vtd,9700333,9700333,"2:97-cv-00333-wks Sugarbush Village v. Claneil Enterprises, et al (closed 04/23/1998)"
159,1934-01-01,2275.0,ws,wks,3082,Walter,Stapleton,King,2:97-cv-393,10559,vt,vtd,9700393,9700393,"2:97-cv-00393-wks Weisburgh v. Toys ""R"" Us, Inc., et al (closed 03/27/1998)"
160,1934-01-01,2275.0,ws,wks,3082,Walter,Stapleton,King,2:98-cv-334,11139,vt,vtd,9800334,9800334,"2:98-cv-00334-wks Mercure v. Champlain Chevrolet, et al (closed 12/23/1998)"
161,1934-01-01,2275.0,ws,wks,3082,Walter,Stapleton,King,2:99-cv-396,11696,vt,vtd,9900396,9900396,"2:99-cv-00396-wks Cheeseman, et al v. Microsoft Corp (closed 05/09/2000)"
162,1934-01-01,2275.0,ws,wks,3082,Walter,Stapleton,King,2:99-cv-396,11696,vt,vtd,9900396,9900396,"2:99-cv-00396-wks Cheeseman, et al v. Microsoft Corp (closed 05/09/2000)"
163,1934-01-01,2275.0,ws,wks,3082,Walter,Stapleton,King,2:99-cv-403,11700,vt,vtd,9900403,9900403,"2:99-cv-00403-wks Cheeseman, et al v. Microsoft Corp (closed 05/09/2000)"
164,1934-01-01,2275.0,ws,wks,3082,Walter,Stapleton,King,2:00-cv-316,4051,vt,vtd,00316,316,"2:00-cv-00316-wks Pilus v. Sony Music Ent Inc, et al (closed 12/04/2000)"
165,1934-01-01,2275.0,ws,wks,3082,Walter,Stapleton,King,2:01-cv-194,4612,vt,vtd,0100194,100194,"2:01-cv-00194-wks Vermont, State of, et al v. Suiza Foods Corp, et al (closed 06/27/2001)"
166,1934-01-01,2275.0,ws,wks,3082,Walter,Stapleton,King,2:97-cv-209,10464,vt,vtd,9700209,9700209,"2:97-cv-00209-wks VT Mobile Home Ownrs, et al v. Lapierre, et al (closed 01/30/2001)"
167,1934-01-01,2275.0,ws,wks,3082,Walter,Stapleton,King,2:03-cv-78,5904,vt,vtd,0300078,300078,"2:03-cv-00078-wks-jjn Sno-Karr, Inc. v. Mt Holly Sno-Drifter, et al (closed 06/21/2004)"
168,1934-01-01,2275.0,ws,wks,3082,Walter,Stapleton,King,2:05-cv-93,13369,vt,vtd,0500093,500093,2:05-cv-00093-wks Smith et al v. International Paper Company et al (closed 08/22/2005)
169,1934-01-01,2275.0,ws,wks,3082,Walter,Stapleton,King,2:09-cv-2,17301,vt,vtd,0900002,900002,2:09-cv-00002-wks Lancaster et al v. Verizon Wireless et al (closed 02/20/2009)
170,1934-01-01,2275.0,ws,wks,3082,Walter,Stapleton,King,2:05-cv-21,13108,vt,vtd,0500021,500021,"2:05-cv-00021-wks Long v. Quorum Health Resources, L.L.C. et al (closed 01/15/2008)"
171,1934-01-01,2275.0,ws,wks,3082,Walter,Stapleton,King,2:10-cv-244,19637,vt,vtd,1000244,1000244,"2:10-cv-00244-wks Heiden et al v. United Potato Growers of America, Inc. et al (closed 11/03/2010)"
172,1931-06-25,2154.0,js,jcs,2919,John,Shabaz,C.,3:88-cv-1,26721,wiw,wiwd,8800001,8800001,"3:88-cv-00001-jcs GRISWOLD, GREG v. MCI (closed 01/04/1988)"
173,1931-06-25,2154.0,js,jcs,2919,John,Shabaz,C.,3:89-cv-896,6409,wiw,wiwd,8900896,8900896,"3:89-cv-00896-jcs BELL LABORATORIES, INC. v. LIPHA CHEMICALS, INC. (closed 03/12/1990)"
174,1931-06-25,2154.0,js,jcs,2919,John,Shabaz,C.,3:93-cv-866,10130,wiw,wiwd,9300866,9300866,"3:93-cv-00866-jcs CULLEN, RANDALL M.D. v. BOARD OF REGENTS OF THE UNIVERSITY OF WISCONSIN SYSTEM (closed 03/17/1994)"
175,1931-06-25,2154.0,js,jcs,2919,John,Shabaz,C.,3:94-cv-257,10429,wiw,wiwd,9400257,9400257,"3:94-cv-00257-jcs HOVDE, GLENN J. v. KOHL'S FOOD STORES, INC. (closed 06/08/1994)"
176,1931-06-25,2154.0,js,jcs,2919,John,Shabaz,C.,3:95-cv-20,11316,wiw,wiwd,9500020,9500020,"3:95-cv-00020-jcs BOGENSBERGER, KATHI v. THE NATIONAL BURGLAR & FIRE ALARM ASSOCIATION INC. (closed 09/20/1995)"
177,1931-06-25,2154.0,js,jcs,2919,John,Shabaz,C.,3:97-cv-393,13622,wiw,wiwd,9700393,9700393,"3:97-cv-00393-jcs SERVAIS, JAMES v. KRAFT FOODS, INC. (closed 08/06/1997)"
178,1931-06-25,2154.0,js,jcs,2919,John,Shabaz,C.,3:97-cv-483,13707,wiw,wiwd,9700483,9700483,"3:97-cv-00483-jcs DODSON, WILLIAM R. v. KRAFT FOODS, INC. (closed 08/13/1997)"
179,1931-06-25,2154.0,js,jcs,2919,John,Shabaz,C.,3:97-cv-527,13748,wiw,wiwd,9700527,9700527,"3:97-cv-00527-jcs NOLL, ROGER v. KRAFT FOODS, INC. (closed 08/13/1997)"
180,1931-06-25,2154.0,js,jcs,2919,John,Shabaz,C.,3:98-cv-171,20513,wiw,wiwd,9800171,9800171,"3:98-cv-00171-jcs MOBILE GLASS, INC. v. PILKINGTON, PLC (closed 04/17/1998)"
181,1931-06-25,2154.0,js,jcs,2919,John,Shabaz,C.,3:98-cv-544,20864,wiw,wiwd,9800544,9800544,"3:98-cv-00544-jcs WORCESTER, BARBARA v. SUMMIT TECHNOLOGY, INC. (closed 11/30/1998)"
182,1931-06-25,2154.0,js,jcs,2919,John,Shabaz,C.,3:99-cv-88,19929,wiw,wiwd,9900088,9900088,"3:99-cv-00088-jcs FRANKSON, KAREN v. PILLAR POINT PARTNERS (closed 03/23/1999)"
183,1931-06-25,2154.0,js,jcs,2919,John,Shabaz,C.,3:90-cv-42,6625,wiw,wiwd,900042,900042,"3:90-cv-00042-jcs TOWNSEND, GLEN v. DATELINE (closed 01/25/1990)"
184,1931-06-25,2154.0,js,jcs,2919,John,Shabaz,C.,3:90-cv-207,26865,wiw,wiwd,900207,900207,"3:90-cv-00207-jcs USA v. NAKED FURNITURE OF MADISON, INC. (closed 03/27/1990)"
185,1876-03-01,,js,jcs,4255,June,Smith,C.,3:88-cv-1,26721,wiw,wiwd,8800001,8800001,"3:88-cv-00001-jcs GRISWOLD, GREG v. MCI (closed 01/04/1988)"
186,1876-03-01,,js,jcs,4255,June,Smith,C.,3:89-cv-896,6409,wiw,wiwd,8900896,8900896,"3:89-cv-00896-jcs BELL LABORATORIES, INC. v. LIPHA CHEMICALS, INC. (closed 03/12/1990)"
187,1876-03-01,,js,jcs,4255,June,Smith,C.,3:93-cv-866,10130,wiw,wiwd,9300866,9300866,"3:93-cv-00866-jcs CULLEN, RANDALL M.D. v. BOARD OF REGENTS OF THE UNIVERSITY OF WISCONSIN SYSTEM (closed 03/17/1994)"
188,1876-03-01,,js,jcs,4255,June,Smith,C.,3:94-cv-257,10429,wiw,wiwd,9400257,9400257,"3:94-cv-00257-jcs HOVDE, GLENN J. v. KOHL'S FOOD STORES, INC. (closed 06/08/1994)"
189,1876-03-01,,js,jcs,4255,June,Smith,C.,3:95-cv-20,11316,wiw,wiwd,9500020,9500020,"3:95-cv-00020-jcs BOGENSBERGER, KATHI v. THE NATIONAL BURGLAR & FIRE ALARM ASSOCIATION INC. (closed 09/20/1995)"
190,1876-03-01,,js,jcs,4255,June,Smith,C.,3:97-cv-393,13622,wiw,wiwd,9700393,9700393,"3:97-cv-00393-jcs SERVAIS, JAMES v. KRAFT FOODS, INC. (closed 08/06/1997)"
191,1876-03-01,,js,jcs,4255,June,Smith,C.,3:97-cv-483,13707,wiw,wiwd,9700483,9700483,"3:97-cv-00483-jcs DODSON, WILLIAM R. v. KRAFT FOODS, INC. (closed 08/13/1997)"
192,1876-03-01,,js,jcs,4255,June,Smith,C.,3:97-cv-527,13748,wiw,wiwd,9700527,9700527,"3:97-cv-00527-jcs NOLL, ROGER v. KRAFT FOODS, INC. (closed 08/13/1997)"
193,1876-03-01,,js,jcs,4255,June,Smith,C.,3:98-cv-171,20513,wiw,wiwd,9800171,9800171,"3:98-cv-00171-jcs MOBILE GLASS, INC. v. PILKINGTON, PLC (closed 04/17/1998)"
194,1876-03-01,,js,jcs,4255,June,Smith,C.,3:98-cv-544,20864,wiw,wiwd,9800544,9800544,"3:98-cv-00544-jcs WORCESTER, BARBARA v. SUMMIT TECHNOLOGY, INC. (closed 11/30/1998)"
195,1876-03-01,,js,jcs,4255,June,Smith,C.,3:99-cv-88,19929,wiw,wiwd,9900088,9900088,"3:99-cv-00088-jcs FRANKSON, KAREN v. PILLAR POINT PARTNERS (closed 03/23/1999)"
196,1876-03-01,,js,jcs,4255,June,Smith,C.,3:90-cv-42,6625,wiw,wiwd,900042,900042,"3:90-cv-00042-jcs TOWNSEND, GLEN v. DATELINE (closed 01/25/1990)"
197,1876-03-01,,js,jcs,4255,June,Smith,C.,3:90-cv-207,26865,wiw,wiwd,900207,900207,"3:90-cv-00207-jcs USA v. NAKED FURNITURE OF MADISON, INC. (closed 03/27/1990)"
198,,,js,jcs,4432,John,Sherwin,C.,3:88-cv-1,26721,wiw,wiwd,8800001,8800001,"3:88-cv-00001-jcs GRISWOLD, GREG v. MCI (closed 01/04/1988)"
199,,,js,jcs,4432,John,Sherwin,C.,3:89-cv-896,6409,wiw,wiwd,8900896,8900896,"3:89-cv-00896-jcs BELL LABORATORIES, INC. v. LIPHA CHEMICALS, INC. (closed 03/12/1990)"
200,,,js,jcs,4432,John,Sherwin,C.,3:93-cv-866,10130,wiw,wiwd,9300866,9300866,"3:93-cv-00866-jcs CULLEN, RANDALL M.D. v. BOARD OF REGENTS OF THE UNIVERSITY OF WISCONSIN SYSTEM (closed 03/17/1994)"
201,,,js,jcs,4432,John,Sherwin,C.,3:94-cv-257,10429,wiw,wiwd,9400257,9400257,"3:94-cv-00257-jcs HOVDE, GLENN J. v. KOHL'S FOOD STORES, INC. (closed 06/08/1994)"
202,,,js,jcs,4432,John,Sherwin,C.,3:95-cv-20,11316,wiw,wiwd,9500020,9500020,"3:95-cv-00020-jcs BOGENSBERGER, KATHI v. THE NATIONAL BURGLAR & FIRE ALARM ASSOCIATION INC. (closed 09/20/1995)"
203,,,js,jcs,4432,John,Sherwin,C.,3:97-cv-393,13622,wiw,wiwd,9700393,9700393,"3:97-cv-00393-jcs SERVAIS, JAMES v. KRAFT FOODS, INC. (closed 08/06/1997)"
204,,,js,jcs,4432,John,Sherwin,C.,3:97-cv-483,13707,wiw,wiwd,9700483,9700483,"3:97-cv-00483-jcs DODSON, WILLIAM R. v. KRAFT FOODS, INC. (closed 08/13/1997)"
205,,,js,jcs,4432,John,Sherwin,C.,3:97-cv-527,13748,wiw,wiwd,9700527,9700527,"3:97-cv-00527-jcs NOLL, ROGER v. KRAFT FOODS, INC. (closed 08/13/1997)"
206,,,js,jcs,4432,John,Sherwin,C.,3:98-cv-171,20513,wiw,wiwd,9800171,9800171,"3:98-cv-00171-jcs MOBILE GLASS, INC. v. PILKINGTON, PLC (closed 04/17/1998)"
207,,,js,jcs,4432,John,Sherwin,C.,3:98-cv-544,20864,wiw,wiwd,9800544,9800544,"3:98-cv-00544-jcs WORCESTER, BARBARA v. SUMMIT TECHNOLOGY, INC. (closed 11/30/1998)"
208,,,js,jcs,4432,John,Sherwin,C.,3:99-cv-88,19929,wiw,wiwd,9900088,9900088,"3:99-cv-00088-jcs FRANKSON, KAREN v. PILLAR POINT PARTNERS (closed 03/23/1999)"
209,,,js,jcs,4432,John,Sherwin,C.,3:90-cv-42,6625,wiw,wiwd,900042,900042,"3:90-cv-00042-jcs TOWNSEND, GLEN v. DATELINE (closed 01/25/1990)"
210,,,js,jcs,4432,John,Sherwin,C.,3:90-cv-207,26865,wiw,wiwd,900207,900207,"3:90-cv-00207-jcs USA v. NAKED FURNITURE OF MADISON, INC. (closed 03/27/1990)"
211,1918-01-27,,js,jcs,4997,John,Sheehy,C.,3:88-cv-1,26721,wiw,wiwd,8800001,8800001,"3:88-cv-00001-jcs GRISWOLD, GREG v. MCI (closed 01/04/1988)"
212,1918-01-27,,js,jcs,4997,John,Sheehy,C.,3:89-cv-896,6409,wiw,wiwd,8900896,8900896,"3:89-cv-00896-jcs BELL LABORATORIES, INC. v. LIPHA CHEMICALS, INC. (closed 03/12/1990)"
213,1918-01-27,,js,jcs,4997,John,Sheehy,C.,3:93-cv-866,10130,wiw,wiwd,9300866,9300866,"3:93-cv-00866-jcs CULLEN, RANDALL M.D. v. BOARD OF REGENTS OF THE UNIVERSITY OF WISCONSIN SYSTEM (closed 03/17/1994)"
214,1918-01-27,,js,jcs,4997,John,Sheehy,C.,3:94-cv-257,10429,wiw,wiwd,9400257,9400257,"3:94-cv-00257-jcs HOVDE, GLENN J. v. KOHL'S FOOD STORES, INC. (closed 06/08/1994)"
215,1918-01-27,,js,jcs,4997,John,Sheehy,C.,3:95-cv-20,11316,wiw,wiwd,9500020,9500020,"3:95-cv-00020-jcs BOGENSBERGER, KATHI v. THE NATIONAL BURGLAR & FIRE ALARM ASSOCIATION INC. (closed 09/20/1995)"
216,1918-01-27,,js,jcs,4997,John,Sheehy,C.,3:97-cv-393,13622,wiw,wiwd,9700393,9700393,"3:97-cv-00393-jcs SERVAIS, JAMES v. KRAFT FOODS, INC. (closed 08/06/1997)"
217,1918-01-27,,js,jcs,4997,John,Sheehy,C.,3:97-cv-483,13707,wiw,wiwd,9700483,9700483,"3:97-cv-00483-jcs DODSON, WILLIAM R. v. KRAFT FOODS, INC. (closed 08/13/1997)"
218,1918-01-27,,js,jcs,4997,John,Sheehy,C.,3:97-cv-527,13748,wiw,wiwd,9700527,9700527,"3:97-cv-00527-jcs NOLL, ROGER v. KRAFT FOODS, INC. (closed 08/13/1997)"
219,1918-01-27,,js,jcs,4997,John,Sheehy,C.,3:98-cv-171,20513,wiw,wiwd,9800171,9800171,"3:98-cv-00171-jcs MOBILE GLASS, INC. v. PILKINGTON, PLC (closed 04/17/1998)"
220,1918-01-27,,js,jcs,4997,John,Sheehy,C.,3:98-cv-544,20864,wiw,wiwd,9800544,9800544,"3:98-cv-00544-jcs WORCESTER, BARBARA v. SUMMIT TECHNOLOGY, INC. (closed 11/30/1998)"
221,1918-01-27,,js,jcs,4997,John,Sheehy,C.,3:99-cv-88,19929,wiw,wiwd,9900088,9900088,"3:99-cv-00088-jcs FRANKSON, KAREN v. PILLAR POINT PARTNERS (closed 03/23/1999)"
222,1918-01-27,,js,jcs,4997,John,Sheehy,C.,3:90-cv-42,6625,wiw,wiwd,900042,900042,"3:90-cv-00042-jcs TOWNSEND, GLEN v. DATELINE (closed 01/25/1990)"
223,1918-01-27,,js,jcs,4997,John,Sheehy,C.,3:90-cv-207,26865,wiw,wiwd,900207,900207,"3:90-cv-00207-jcs USA v. NAKED FURNITURE OF MADISON, INC. (closed 03/27/1990)"
224,1883-01-01,,js,jcs,5911,John,Sherburne,C.,3:88-cv-1,26721,wiw,wiwd,8800001,8800001,"3:88-cv-00001-jcs GRISWOLD, GREG v. MCI (closed 01/04/1988)"
225,1883-01-01,,js,jcs,5911,John,Sherburne,C.,3:89-cv-896,6409,wiw,wiwd,8900896,8900896,"3:89-cv-00896-jcs BELL LABORATORIES, INC. v. LIPHA CHEMICALS, INC. (closed 03/12/1990)"
226,1883-01-01,,js,jcs,5911,John,Sherburne,C.,3:93-cv-866,10130,wiw,wiwd,9300866,9300866,"3:93-cv-00866-jcs CULLEN, RANDALL M.D. v. BOARD OF REGENTS OF THE UNIVERSITY OF WISCONSIN SYSTEM (closed 03/17/1994)"
227,1883-01-01,,js,jcs,5911,John,Sherburne,C.,3:94-cv-257,10429,wiw,wiwd,9400257,9400257,"3:94-cv-00257-jcs HOVDE, GLENN J. v. KOHL'S FOOD STORES, INC. (closed 06/08/1994)"
228,1883-01-01,,js,jcs,5911,John,Sherburne,C.,3:95-cv-20,11316,wiw,wiwd,9500020,9500020,"3:95-cv-00020-jcs BOGENSBERGER, KATHI v. THE NATIONAL BURGLAR & FIRE ALARM ASSOCIATION INC. (closed 09/20/1995)"
229,1883-01-01,,js,jcs,5911,John,Sherburne,C.,3:97-cv-393,13622,wiw,wiwd,9700393,9700393,"3:97-cv-00393-jcs SERVAIS, JAMES v. KRAFT FOODS, INC. (closed 08/06/1997)"
230,1883-01-01,,js,jcs,5911,John,Sherburne,C.,3:97-cv-483,13707,wiw,wiwd,9700483,9700483,"3:97-cv-00483-jcs DODSON, WILLIAM R. v. KRAFT FOODS, INC. (closed 08/13/1997)"
231,1883-01-01,,js,jcs,5911,John,Sherburne,C.,3:97-cv-527,13748,wiw,wiwd,9700527,9700527,"3:97-cv-00527-jcs NOLL, ROGER v. KRAFT FOODS, INC. (closed 08/13/1997)"
232,1883-01-01,,js,jcs,5911,John,Sherburne,C.,3:98-cv-171,20513,wiw,wiwd,9800171,9800171,"3:98-cv-00171-jcs MOBILE GLASS, INC. v. PILKINGTON, PLC (closed 04/17/1998)"
233,1883-01-01,,js,jcs,5911,John,Sherburne,C.,3:98-cv-544,20864,wiw,wiwd,9800544,9800544,"3:98-cv-00544-jcs WORCESTER, BARBARA v. SUMMIT TECHNOLOGY, INC. (closed 11/30/1998)"
234,1883-01-01,,js,jcs,5911,John,Sherburne,C.,3:99-cv-88,19929,wiw,wiwd,9900088,9900088,"3:99-cv-00088-jcs FRANKSON, KAREN v. PILLAR POINT PARTNERS (closed 03/23/1999)"
235,1883-01-01,,js,jcs,5911,John,Sherburne,C.,3:90-cv-42,6625,wiw,wiwd,900042,900042,"3:90-cv-00042-jcs TOWNSEND, GLEN v. DATELINE (closed 01/25/1990)"
236,1883-01-01,,js,jcs,5911,John,Sherburne,C.,3:90-cv-207,26865,wiw,wiwd,900207,900207,"3:90-cv-00207-jcs USA v. NAKED FURNITURE OF MADISON, INC. (closed 03/27/1990)"
237,1911-02-15,2368.0,wt,wkt,3206,William,Thomas,Kernahan,1:82-cv-759,35714,ohn,ohnd,8200759,8200759,"1:82-cv-00759-wkt Wills Trucking, Inc., et al v. Baltimore & Ohio RR, et al (closed 08/19/1996)"
238,1911-02-15,2368.0,wt,wkt,3206,William,Thomas,Kernahan,1:82-cv-759,35714,ohn,ohnd,8200759,8200759,"1:82-cv-00759-wkt Wills Trucking, Inc., et al v. Baltimore & Ohio RR, et al (closed 08/19/1996)"
239,1849-06-12,2402.0,wt,wkt,3250,William,Townsend,Kneeland,1:82-cv-759,35714,ohn,ohnd,8200759,8200759,"1:82-cv-00759-wkt Wills Trucking, Inc., et al v. Baltimore & Ohio RR, et al (closed 08/19/1996)"
240,1849-06-12,2402.0,wt,wkt,3250,William,Townsend,Kneeland,1:82-cv-759,35714,ohn,ohnd,8200759,8200759,"1:82-cv-00759-wkt Wills Trucking, Inc., et al v. Baltimore & Ohio RR, et al (closed 08/19/1996)"
241,1939-01-01,218.0,mb,mb,336,Michael,Boudin,,4:95-cv-1178,14103,okn,oknd,9501178,9501178,"4:95-cv-01178-mb Offermann v. Claremore Reg Hosp, et al (closed 01/12/1996)"
242,1947-03-16,,mb,mb,4720,Margot,Botsford,,4:95-cv-1178,14103,okn,oknd,9501178,9501178,"4:95-cv-01178-mb Offermann v. Claremore Reg Hosp, et al (closed 01/12/1996)"
243,1947-12-24,,mb,mb,5515,Max,Baer,,4:95-cv-1178,14103,okn,oknd,9501178,9501178,"4:95-cv-01178-mb Offermann v. Claremore Reg Hosp, et al (closed 01/12/1996)"
244,1726-01-01,,mb,mb,5581,Metcalf,Bowler,,4:95-cv-1178,14103,okn,oknd,9501178,9501178,"4:95-cv-01178-mb Offermann v. Claremore Reg Hosp, et al (closed 01/12/1996)"
245,1923-09-13,,mb,mb,6842,Morison,Buck,,4:95-cv-1178,14103,okn,oknd,9501178,9501178,"4:95-cv-01178-mb Offermann v. Claremore Reg Hosp, et al (closed 01/12/1996)"
246,,,mb,mb,7298,Michael,Buser,,4:95-cv-1178,14103,okn,oknd,9501178,9501178,"4:95-cv-01178-mb Offermann v. Claremore Reg Hosp, et al (closed 01/12/1996)"
247,1909-01-01,,mb,mb,7784,Max,Bloom,,4:95-cv-1178,14103,okn,oknd,9501178,9501178,"4:95-cv-01178-mb Offermann v. Claremore Reg Hosp, et al (closed 01/12/1996)"
248,,,mb,mb,8302,Marialyn,Barnard,,4:95-cv-1178,14103,okn,oknd,9501178,9501178,"4:95-cv-01178-mb Offermann v. Claremore Reg Hosp, et al (closed 01/12/1996)"
249,,,mb,mb,8309,Marc,Brown,,4:95-cv-1178,14103,okn,oknd,9501178,9501178,"4:95-cv-01178-mb Offermann v. Claremore Reg Hosp, et al (closed 01/12/1996)"
250,,,mb,mb,8474,Martha,Bablitch,,4:95-cv-1178,14103,okn,oknd,9501178,9501178,"4:95-cv-01178-mb Offermann v. Claremore Reg Hosp, et al (closed 01/12/1996)"
251,1931-01-01,250.0,tb,trb,378,Thomas,Brett,Rutherford,4:91-cv-841,8529,okn,oknd,9100841,9100841,"4:91-cv-00841-trb Jeffline Corporation, et al v. Thrifty Rent-A-Car, et al (closed 08/09/1993)"
252,1931-01-01,250.0,tb,trb,378,Thomas,Brett,Rutherford,4:91-cv-904,8166,okn,oknd,9100904,9100904,"4:91-cv-00904-trb Bizjet Intl Sales v. Pratt & Whitney, et al (closed 11/19/1993)"
253,1938-09-12,,tb,trb,4272,Theodore,Boehm,R.,4:91-cv-841,8529,okn,oknd,9100841,9100841,"4:91-cv-00841-trb Jeffline Corporation, et al v. Thrifty Rent-A-Car, et al (closed 08/09/1993)"
254,1938-09-12,,tb,trb,4272,Theodore,Boehm,R.,4:91-cv-904,8166,okn,oknd,9100904,9100904,"4:91-cv-00904-trb Bizjet Intl Sales v. Pratt & Whitney, et al (closed 11/19/1993)"
255,1931-05-02,,cr,cr,3841,Cruz,Reynoso,,5:10-cv-9,18596,vt,vtd,1000009,1000009,"5:10-cv-00009-cr Neville v. Dairy Farmers of America, Inc. et al (closed 10/13/2011)"
256,1931-05-02,,cr,cr,3841,Cruz,Reynoso,,5:12-cv-9,21239,vt,vtd,1200009,1200009,"5:12-cv-00009-cr JPMorgan Chase Bank, National Association v. Galaske et al (closed 06/13/2012)"
257,1931-05-02,,cr,cr,3841,Cruz,Reynoso,,5:13-cv-34,22563,vt,vtd,1300034,1300034,"5:13-cv-00034-cr Rogers et al v. Dairy Farmers of America, Inc. et al (closed 03/11/2013)"
258,1931-05-02,,cr,cr,3841,Cruz,Reynoso,,2:16-cv-96,26479,vt,vtd,1600096,1600096,"2:16-cv-00096-cr Barr, Sternberg, Moss, Lawrence, Silver & Munson, P.C. v. Blue Cross Blue Shield of Alabama et al (closed 05/09/2016)"
259,1931-05-02,,cr,cr,3841,Cruz,Reynoso,,5:09-cv-230,18481,vt,vtd,0900230,900230,"5:09-cv-00230-cr Allen et al v. Dairy Farmers of America, Inc. et al (closed 09/12/2016)"
260,1931-05-02,,cr,cr,3841,Cruz,Reynoso,,2:16-cv-309,27346,vt,vtd,1600309,1600309,2:16-cv-00309-cr Demos v. General Electric et al (closed 07/12/2017)
261,1931-05-02,,cr,cr,3841,Cruz,Reynoso,,2:16-cv-287,27234,vt,vtd,1600287,1600287,"2:16-cv-00287-cr Sitts et al v. Dairy Farmers of America, Inc. et al"
262,1931-03-10,,cr,cr,5830,C.L.,Ray,,5:10-cv-9,18596,vt,vtd,1000009,1000009,"5:10-cv-00009-cr Neville v. Dairy Farmers of America, Inc. et al (closed 10/13/2011)"
263,1931-03-10,,cr,cr,5830,C.L.,Ray,,5:12-cv-9,21239,vt,vtd,1200009,1200009,"5:12-cv-00009-cr JPMorgan Chase Bank, National Association v. Galaske et al (closed 06/13/2012)"
264,1931-03-10,,cr,cr,5830,C.L.,Ray,,5:13-cv-34,22563,vt,vtd,1300034,1300034,"5:13-cv-00034-cr Rogers et al v. Dairy Farmers of America, Inc. et al (closed 03/11/2013)"
265,1931-03-10,,cr,cr,5830,C.L.,Ray,,2:16-cv-96,26479,vt,vtd,1600096,1600096,"2:16-cv-00096-cr Barr, Sternberg, Moss, Lawrence, Silver & Munson, P.C. v. Blue Cross Blue Shield of Alabama et al (closed 05/09/2016)"
266,1931-03-10,,cr,cr,5830,C.L.,Ray,,5:09-cv-230,18481,vt,vtd,0900230,900230,"5:09-cv-00230-cr Allen et al v. Dairy Farmers of America, Inc. et al (closed 09/12/2016)"
267,1931-03-10,,cr,cr,5830,C.L.,Ray,,2:16-cv-309,27346,vt,vtd,1600309,1600309,2:16-cv-00309-cr Demos v. General Electric et al (closed 07/12/2017)
268,1931-03-10,,cr,cr,5830,C.L.,Ray,,2:16-cv-287,27234,vt,vtd,1600287,1600287,"2:16-cv-00287-cr Sitts et al v. Dairy Farmers of America, Inc. et al"
269,,,cr,cr,7275,Curtis,Roll,,5:10-cv-9,18596,vt,vtd,1000009,1000009,"5:10-cv-00009-cr Neville v. Dairy Farmers of America, Inc. et al (closed 10/13/2011)"
270,,,cr,cr,7275,Curtis,Roll,,5:12-cv-9,21239,vt,vtd,1200009,1200009,"5:12-cv-00009-cr JPMorgan Chase Bank, National Association v. Galaske et al (closed 06/13/2012)"
271,,,cr,cr,7275,Curtis,Roll,,5:13-cv-34,22563,vt,vtd,1300034,1300034,"5:13-cv-00034-cr Rogers et al v. Dairy Farmers of America, Inc. et al (closed 03/11/2013)"
272,,,cr,cr,7275,Curtis,Roll,,2:16-cv-96,26479,vt,vtd,1600096,1600096,"2:16-cv-00096-cr Barr, Sternberg, Moss, Lawrence, Silver & Munson, P.C. v. Blue Cross Blue Shield of Alabama et al (closed 05/09/2016)"
273,,,cr,cr,7275,Curtis,Roll,,5:09-cv-230,18481,vt,vtd,0900230,900230,"5:09-cv-00230-cr Allen et al v. Dairy Farmers of America, Inc. et al (closed 09/12/2016)"
274,,,cr,cr,7275,Curtis,Roll,,2:16-cv-309,27346,vt,vtd,1600309,1600309,2:16-cv-00309-cr Demos v. General Electric et al (closed 07/12/2017)
275,,,cr,cr,7275,Curtis,Roll,,2:16-cv-287,27234,vt,vtd,1600287,1600287,"2:16-cv-00287-cr Sitts et al v. Dairy Farmers of America, Inc. et al"
276,1942-04-29,,jc,jcc,4724,Judith,Cowin,Cathy Arnold,2:81-cv-772,106276,vae,vaed,8100772,8100772,"2:81-cv-00772-jcc Brown v. Johns-Manville Corp., et al (closed 05/14/1991)"
277,1942-04-29,,jc,jcc,4724,Judith,Cowin,Cathy Arnold,2:77-cv-267,106196,vae,vaed,7700267,7700267,2:77-cv-00267-jcc Schools v. Johns-Manville Corp. (closed 06/22/1990)
278,1942-04-29,,jc,jcc,4724,Judith,Cowin,Cathy Arnold,2:86-cv-888,106658,vae,vaed,8600888,8600888,"2:86-cv-00888-jcc Overton, et al v. Celotex Corporation, et al (closed 05/02/1991)"
279,1942-04-29,,jc,jcc,4724,Judith,Cowin,Cathy Arnold,2:88-cv-690,107229,vae,vaed,8800690,8800690,"2:88-cv-00690-jcc Stephen Jay Photogra, et al v. Olan Mills, et al (closed 05/05/1989)"
280,1942-04-29,,jc,jcc,4724,Judith,Cowin,Cathy Arnold,2:93-cv-1037,115710,vae,vaed,9301037,9301037,"2:93-cv-01037-jcc Higgins, et al v. Medical College, et al (closed 09/07/1994)"
281,1942-04-29,,jc,jcc,4724,Judith,Cowin,Cathy Arnold,2:94-cv-133,117159,vae,vaed,9400133,9400133,"2:94-cv-00133-jcc Vimax Industries, et al v. Hoechst Celanese (closed 07/05/1994)"
282,1942-04-29,,jc,jcc,4724,Judith,Cowin,Cathy Arnold,2:90-cv-135,109080,vae,vaed,900135,900135,2:90-cv-00135-jcc Mabrey v. Manville Corporatin (closed 06/22/1990)
283,1942-04-29,,jc,jcc,4724,Judith,Cowin,Cathy Arnold,2:90-cv-136,109081,vae,vaed,900136,900136,"2:90-cv-00136-jcc Maloney, et al v. Manville Corporation (closed 06/22/1990)"
284,1933-01-01,345.0,jc,jcc,498,James,Cacheris,Chris,2:81-cv-772,106276,vae,vaed,8100772,8100772,"2:81-cv-00772-jcc Brown v. Johns-Manville Corp., et al (closed 05/14/1991)"
285,1933-01-01,345.0,jc,jcc,498,James,Cacheris,Chris,2:77-cv-267,106196,vae,vaed,7700267,7700267,2:77-cv-00267-jcc Schools v. Johns-Manville Corp. (closed 06/22/1990)
286,1933-01-01,345.0,jc,jcc,498,James,Cacheris,Chris,2:86-cv-888,106658,vae,vaed,8600888,8600888,"2:86-cv-00888-jcc Overton, et al v. Celotex Corporation, et al (closed 05/02/1991)"
287,1933-01-01,345.0,jc,jcc,498,James,Cacheris,Chris,2:88-cv-690,107229,vae,vaed,8800690,8800690,"2:88-cv-00690-jcc Stephen Jay Photogra, et al v. Olan Mills, et al (closed 05/05/1989)"
288,1933-01-01,345.0,jc,jcc,498,James,Cacheris,Chris,2:93-cv-1037,115710,vae,vaed,9301037,9301037,"2:93-cv-01037-jcc Higgins, et al v. Medical College, et al (closed 09/07/1994)"
289,1933-01-01,345.0,jc,jcc,498,James,Cacheris,Chris,2:94-cv-133,117159,vae,vaed,9400133,9400133,"2:94-cv-00133-jcc Vimax Industries, et al v. Hoechst Celanese (closed 07/05/1994)"
290,1933-01-01,345.0,jc,jcc,498,James,Cacheris,Chris,2:90-cv-135,109080,vae,vaed,900135,900135,2:90-cv-00135-jcc Mabrey v. Manville Corporatin (closed 06/22/1990)
291,1933-01-01,345.0,jc,jcc,498,James,Cacheris,Chris,2:90-cv-136,109081,vae,vaed,900136,900136,"2:90-cv-00136-jcc Maloney, et al v. Manville Corporation (closed 06/22/1990)"
292,1886-12-19,,jc,jcc,5143,James,Compton,C.,2:81-cv-772,106276,vae,vaed,8100772,8100772,"2:81-cv-00772-jcc Brown v. Johns-Manville Corp., et al (closed 05/14/1991)"
293,1886-12-19,,jc,jcc,5143,James,Compton,C.,2:77-cv-267,106196,vae,vaed,7700267,7700267,2:77-cv-00267-jcc Schools v. Johns-Manville Corp. (closed 06/22/1990)
294,1886-12-19,,jc,jcc,5143,James,Compton,C.,2:86-cv-888,106658,vae,vaed,8600888,8600888,"2:86-cv-00888-jcc Overton, et al v. Celotex Corporation, et al (closed 05/02/1991)"
295,1886-12-19,,jc,jcc,5143,James,Compton,C.,2:88-cv-690,107229,vae,vaed,8800690,8800690,"2:88-cv-00690-jcc Stephen Jay Photogra, et al v. Olan Mills, et al (closed 05/05/1989)"
296,1886-12-19,,jc,jcc,5143,James,Compton,C.,2:93-cv-1037,115710,vae,vaed,9301037,9301037,"2:93-cv-01037-jcc Higgins, et al v. Medical College, et al (closed 09/07/1994)"
297,1886-12-19,,jc,jcc,5143,James,Compton,C.,2:94-cv-133,117159,vae,vaed,9400133,9400133,"2:94-cv-00133-jcc Vimax Industries, et al v. Hoechst Celanese (closed 07/05/1994)"
298,1886-12-19,,jc,jcc,5143,James,Compton,C.,2:90-cv-135,109080,vae,vaed,900135,900135,2:90-cv-00135-jcc Mabrey v. Manville Corporatin (closed 06/22/1990)
299,1886-12-19,,jc,jcc,5143,James,Compton,C.,2:90-cv-136,109081,vae,vaed,900136,900136,"2:90-cv-00136-jcc Maloney, et al v. Manville Corporation (closed 06/22/1990)"
300,1920-08-09,447.0,jc,jcc,639,Joseph,Clarke,Calvitt,2:81-cv-772,106276,vae,vaed,8100772,8100772,"2:81-cv-00772-jcc Brown v. Johns-Manville Corp., et al (closed 05/14/1991)"
301,1920-08-09,447.0,jc,jcc,639,Joseph,Clarke,Calvitt,2:77-cv-267,106196,vae,vaed,7700267,7700267,2:77-cv-00267-jcc Schools v. Johns-Manville Corp. (closed 06/22/1990)
302,1920-08-09,447.0,jc,jcc,639,Joseph,Clarke,Calvitt,2:86-cv-888,106658,vae,vaed,8600888,8600888,"2:86-cv-00888-jcc Overton, et al v. Celotex Corporation, et al (closed 05/02/1991)"
303,1920-08-09,447.0,jc,jcc,639,Joseph,Clarke,Calvitt,2:88-cv-690,107229,vae,vaed,8800690,8800690,"2:88-cv-00690-jcc Stephen Jay Photogra, et al v. Olan Mills, et al (closed 05/05/1989)"
304,1920-08-09,447.0,jc,jcc,639,Joseph,Clarke,Calvitt,2:93-cv-1037,115710,vae,vaed,9301037,9301037,"2:93-cv-01037-jcc Higgins, et al v. Medical College, et al (closed 09/07/1994)"
305,1920-08-09,447.0,jc,jcc,639,Joseph,Clarke,Calvitt,2:94-cv-133,117159,vae,vaed,9400133,9400133,"2:94-cv-00133-jcc Vimax Industries, et al v. Hoechst Celanese (closed 07/05/1994)"
306,1920-08-09,447.0,jc,jcc,639,Joseph,Clarke,Calvitt,2:90-cv-135,109080,vae,vaed,900135,900135,2:90-cv-00135-jcc Mabrey v. Manville Corporatin (closed 06/22/1990)
307,1920-08-09,447.0,jc,jcc,639,Joseph,Clarke,Calvitt,2:90-cv-136,109081,vae,vaed,900136,900136,"2:90-cv-00136-jcc Maloney, et al v. Manville Corporation (closed 06/22/1990)"
308,1898-05-25,477.0,jc,jcc,678,John,Collet,Caskie,2:81-cv-772,106276,vae,vaed,8100772,8100772,"2:81-cv-00772-jcc Brown v. Johns-Manville Corp., et al (closed 05/14/1991)"
309,1898-05-25,477.0,jc,jcc,678,John,Collet,Caskie,2:77-cv-267,106196,vae,vaed,7700267,7700267,2:77-cv-00267-jcc Schools v. Johns-Manville Corp. (closed 06/22/1990)
310,1898-05-25,477.0,jc,jcc,678,John,Collet,Caskie,2:86-cv-888,106658,vae,vaed,8600888,8600888,"2:86-cv-00888-jcc Overton, et al v. Celotex Corporation, et al (closed 05/02/1991)"
311,1898-05-25,477.0,jc,jcc,678,John,Collet,Caskie,2:88-cv-690,107229,vae,vaed,8800690,8800690,"2:88-cv-00690-jcc Stephen Jay Photogra, et al v. Olan Mills, et al (closed 05/05/1989)"
312,1898-05-25,477.0,jc,jcc,678,John,Collet,Caskie,2:93-cv-1037,115710,vae,vaed,9301037,9301037,"2:93-cv-01037-jcc Higgins, et al v. Medical College, et al (closed 09/07/1994)"
313,1898-05-25,477.0,jc,jcc,678,John,Collet,Caskie,2:94-cv-133,117159,vae,vaed,9400133,9400133,"2:94-cv-00133-jcc Vimax Industries, et al v. Hoechst Celanese (closed 07/05/1994)"
314,1898-05-25,477.0,jc,jcc,678,John,Collet,Caskie,2:90-cv-135,109080,vae,vaed,900135,900135,2:90-cv-00135-jcc Mabrey v. Manville Corporatin (closed 06/22/1990)
315,1898-05-25,477.0,jc,jcc,678,John,Collet,Caskie,2:90-cv-136,109081,vae,vaed,900136,900136,"2:90-cv-00136-jcc Maloney, et al v. Manville Corporation (closed 06/22/1990)"
316,1897-09-20,494.0,jc,jcc,700,James,Connell,C.,2:81-cv-772,106276,vae,vaed,8100772,8100772,"2:81-cv-00772-jcc Brown v. Johns-Manville Corp., et al (closed 05/14/1991)"
317,1897-09-20,494.0,jc,jcc,700,James,Connell,C.,2:77-cv-267,106196,vae,vaed,7700267,7700267,2:77-cv-00267-jcc Schools v. Johns-Manville Corp. (closed 06/22/1990)
318,1897-09-20,494.0,jc,jcc,700,James,Connell,C.,2:86-cv-888,106658,vae,vaed,8600888,8600888,"2:86-cv-00888-jcc Overton, et al v. Celotex Corporation, et al (closed 05/02/1991)"
319,1897-09-20,494.0,jc,jcc,700,James,Connell,C.,2:88-cv-690,107229,vae,vaed,8800690,8800690,"2:88-cv-00690-jcc Stephen Jay Photogra, et al v. Olan Mills, et al (closed 05/05/1989)"
320,1897-09-20,494.0,jc,jcc,700,James,Connell,C.,2:93-cv-1037,115710,vae,vaed,9301037,9301037,"2:93-cv-01037-jcc Higgins, et al v. Medical College, et al (closed 09/07/1994)"
321,1897-09-20,494.0,jc,jcc,700,James,Connell,C.,2:94-cv-133,117159,vae,vaed,9400133,9400133,"2:94-cv-00133-jcc Vimax Industries, et al v. Hoechst Celanese (closed 07/05/1994)"
322,1897-09-20,494.0,jc,jcc,700,James,Connell,C.,2:90-cv-135,109080,vae,vaed,900135,900135,2:90-cv-00135-jcc Mabrey v. Manville Corporatin (closed 06/22/1990)
323,1897-09-20,494.0,jc,jcc,700,James,Connell,C.,2:90-cv-136,109081,vae,vaed,900136,900136,"2:90-cv-00136-jcc Maloney, et al v. Manville Corporation (closed 06/22/1990)"
324,1941-01-01,516.0,jc,jcc,735,John,Coughenour,C.,2:81-cv-772,106276,vae,vaed,8100772,8100772,"2:81-cv-00772-jcc Brown v. Johns-Manville Corp., et al (closed 05/14/1991)"
325,1941-01-01,516.0,jc,jcc,735,John,Coughenour,C.,2:77-cv-267,106196,vae,vaed,7700267,7700267,2:77-cv-00267-jcc Schools v. Johns-Manville Corp. (closed 06/22/1990)
326,1941-01-01,516.0,jc,jcc,735,John,Coughenour,C.,2:86-cv-888,106658,vae,vaed,8600888,8600888,"2:86-cv-00888-jcc Overton, et al v. Celotex Corporation, et al (closed 05/02/1991)"
327,1941-01-01,516.0,jc,jcc,735,John,Coughenour,C.,2:88-cv-690,107229,vae,vaed,8800690,8800690,"2:88-cv-00690-jcc Stephen Jay Photogra, et al v. Olan Mills, et al (closed 05/05/1989)"
328,1941-01-01,516.0,jc,jcc,735,John,Coughenour,C.,2:93-cv-1037,115710,vae,vaed,9301037,9301037,"2:93-cv-01037-jcc Higgins, et al v. Medical College, et al (closed 09/07/1994)"
329,1941-01-01,516.0,jc,jcc,735,John,Coughenour,C.,2:94-cv-133,117159,vae,vaed,9400133,9400133,"2:94-cv-00133-jcc Vimax Industries, et al v. Hoechst Celanese (closed 07/05/1994)"
330,1941-01-01,516.0,jc,jcc,735,John,Coughenour,C.,2:90-cv-135,109080,vae,vaed,900135,900135,2:90-cv-00135-jcc Mabrey v. Manville Corporatin (closed 06/22/1990)
331,1941-01-01,516.0,jc,jcc,735,John,Coughenour,C.,2:90-cv-136,109081,vae,vaed,900136,900136,"2:90-cv-00136-jcc Maloney, et al v. Manville Corporation (closed 06/22/1990)"
332,1938-03-31,,wc,wmc,5012,William,Connolly,M.,3:17-cv-8,39370,wiw,wiwd,178,178,"3:17-cv-00008-wmc United States of America v. Real Property Located at 1701 Mulberry Street, Sauk City, Wisconsin, with all appurtenances and improvements thereon (closed 02/06/2018)"
333,1938-03-31,,wc,wmc,5012,William,Connolly,M.,3:14-cv-778,35985,wiw,wiwd,1400778,1400778,"3:14-cv-00778-wmc Inguran, LLC v. ABS Global, Inc. (closed 12/04/2014)"
334,1938-03-31,,wc,wmc,5012,William,Connolly,M.,3:14-cv-503,35512,wiw,wiwd,1400503,1400503,"3:14-cv-00503-wmc ABS Global, Inc. v. Inguran, LLC"
335,1938-03-31,,wc,wmc,5012,William,Connolly,M.,3:17-cv-960,41064,wiw,wiwd,1700960,1700960,3:17-cv-00960-wmc Black Card LLC v. Visa Inc. et al (closed 02/09/2018)
336,1938-03-31,,wc,wmc,5012,William,Connolly,M.,3:14-cv-503,35512,wiw,wiwd,1400503,1400503,"3:14-cv-00503-wmc ABS Global, Inc. v. Inguran, LLC"
337,1938-03-31,,wc,wmc,5012,William,Connolly,M.,3:16-cv-469,38648,wiw,wiwd,1600469,1600469,"3:16-cv-00469-wmc Ashley Furniture Industries, Inc. v. Packaging Corporation of America et al (closed 01/10/2019)"
338,1956-01-01,3232.0,wc,wmc,696,William,Conley,Martin,3:17-cv-8,39370,wiw,wiwd,178,178,"3:17-cv-00008-wmc United States of America v. Real Property Located at 1701 Mulberry Street, Sauk City, Wisconsin, with all appurtenances and improvements thereon (closed 02/06/2018)"
339,1956-01-01,3232.0,wc,wmc,696,William,Conley,Martin,3:14-cv-778,35985,wiw,wiwd,1400778,1400778,"3:14-cv-00778-wmc Inguran, LLC v. ABS Global, Inc. (closed 12/04/2014)"
340,1956-01-01,3232.0,wc,wmc,696,William,Conley,Martin,3:14-cv-503,35512,wiw,wiwd,1400503,1400503,"3:14-cv-00503-wmc ABS Global, Inc. v. Inguran, LLC"
341,1956-01-01,3232.0,wc,wmc,696,William,Conley,Martin,3:17-cv-960,41064,wiw,wiwd,1700960,1700960,3:17-cv-00960-wmc Black Card LLC v. Visa Inc. et al (closed 02/09/2018)
342,1956-01-01,3232.0,wc,wmc,696,William,Conley,Martin,3:14-cv-503,35512,wiw,wiwd,1400503,1400503,"3:14-cv-00503-wmc ABS Global, Inc. v. Inguran, LLC"
343,1956-01-01,3232.0,wc,wmc,696,William,Conley,Martin,3:16-cv-469,38648,wiw,wiwd,1600469,1600469,"3:16-cv-00469-wmc Ashley Furniture Industries, Inc. v. Packaging Corporation of America et al (closed 01/10/2019)"
344,1951-01-01,3375.0,sc,slc,542,Susan,Carney,Laura,3:10-cv-790,29342,wiw,wiwd,1000790,1000790,"3:10-cv-00790-slc Treehouse, Inc. v. American Express Company et al (closed 02/24/2011)"
345,1951-01-01,3375.0,sc,slc,542,Susan,Carney,Laura,3:14-cv-734,35900,wiw,wiwd,1400734,1400734,"3:14-cv-00734-slc Woodman's Food Market, Inc. v. The Clorox Company et al (closed 10/02/2017)"
346,1903-04-17,429.0,sc,slc,617,Sidney,Christie,Lee,3:10-cv-790,29342,wiw,wiwd,1000790,1000790,"3:10-cv-00790-slc Treehouse, Inc. v. American Express Company et al (closed 02/24/2011)"
347,1903-04-17,429.0,sc,slc,617,Sidney,Christie,Lee,3:14-cv-734,35900,wiw,wiwd,1400734,1400734,"3:14-cv-00734-slc Woodman's Food Market, Inc. v. The Clorox Company et al (closed 10/02/2017)"
348,1857-02-10,452.0,hc,hdc,645,Henry,Clayton,De Lamar,4:98-cv-72,18295,okn,oknd,9800072,9800072,"4:98-cv-00072-hdc Bodiford v. Grove Gen Hospital, et al (closed 11/05/1998)"
349,1857-02-10,452.0,hc,hdc,645,Henry,Clayton,De Lamar,4:98-cv-947,19277,okn,oknd,9800947,9800947,"4:98-cv-00947-hdc Hise, et al v. Philip Morris Inc, et al (closed 04/29/1999)"
350,1924-04-14,502.0,hc,hdc,715,Harold,Cook,Dale,4:98-cv-72,18295,okn,oknd,9800072,9800072,"4:98-cv-00072-hdc Bodiford v. Grove Gen Hospital, et al (closed 11/05/1998)"
351,1924-04-14,502.0,hc,hdc,715,Harold,Cook,Dale,4:98-cv-947,19277,okn,oknd,9800947,9800947,"4:98-cv-00947-hdc Hise, et al v. Philip Morris Inc, et al (closed 04/29/1999)"
352,1939-01-01,530.0,bc,bbc,752,Barbara,Crabb,Brandriff,3:70-cr-126,1136,wiw,wiwd,7000126,7000126,"3:70-cr-00126-bbc United States of America v. Burt, Leo"
353,1939-01-01,530.0,bc,bbc,752,Barbara,Crabb,Brandriff,3:89-cv-388,5929,wiw,wiwd,8900388,8900388,"3:89-cv-00388-bbc STOCKMAN DEVELOPMENT, INC. v. THE FARM-OYL COMPANY (closed 04/24/1990)"
354,1939-01-01,530.0,bc,bbc,752,Barbara,Crabb,Brandriff,3:90-cv-261,6788,wiw,wiwd,9000261,9000261,"3:90-cv-00261-bbc HEINZ, THOMAS A. v. FRANK LLOYD WRIGHT FOUNDATION (closed 02/07/1991)"
355,1939-01-01,530.0,bc,bbc,752,Barbara,Crabb,Brandriff,3:91-cv-18,7400,wiw,wiwd,9100018,9100018,"3:91-cv-00018-bbc STRASBURG, JOHN W. v. STATE BAR OF WISCONSIN (closed 12/30/1991)"
356,1939-01-01,530.0,bc,bbc,752,Barbara,Crabb,Brandriff,3:94-cv-137,33825,wiw,wiwd,9400137,9400137,3:94-cv-00137-bbc BLUE CROSS & BLUE SHIELD UNITED OF WISCONSIN v. MARSHFIELD CLINIC (closed 03/04/1999)
357,1939-01-01,530.0,bc,bbc,752,Barbara,Crabb,Brandriff,3:94-cv-137,33825,wiw,wiwd,9400137,9400137,3:94-cv-00137-bbc BLUE CROSS & BLUE SHIELD UNITED OF WISCONSIN v. MARSHFIELD CLINIC (closed 03/04/1999)
358,1939-01-01,530.0,bc,bbc,752,Barbara,Crabb,Brandriff,3:97-cv-418,13645,wiw,wiwd,9700418,9700418,3:97-cv-00418-bbc STATE OF WISCONSIN v. MARSHFIELD CLINIC (closed 06/19/1997)
359,1939-01-01,530.0,bc,bbc,752,Barbara,Crabb,Brandriff,3:96-cv-592,12822,wiw,wiwd,9600592,9600592,"3:96-cv-00592-bbc ROZEMA, HENRY v. THE MARSHFIELD CLINIC (closed 12/16/1997)"
360,1939-01-01,530.0,bc,bbc,752,Barbara,Crabb,Brandriff,3:96-cv-916,13091,wiw,wiwd,9600916,9600916,"3:96-cv-00916-bbc MALEK, KATHLEEN V. v. MARSHFIELD CLINIC (closed 12/16/1997)"
361,1939-01-01,530.0,bc,bbc,752,Barbara,Crabb,Brandriff,3:94-cv-137,33825,wiw,wiwd,9400137,9400137,3:94-cv-00137-bbc BLUE CROSS & BLUE SHIELD UNITED OF WISCONSIN v. MARSHFIELD CLINIC (closed 03/04/1999)
362,1939-01-01,530.0,bc,bbc,752,Barbara,Crabb,Brandriff,3:98-cv-304,20638,wiw,wiwd,9800304,9800304,"3:98-cv-00304-bbc MILLER BREWING COMPANY v. SCHUTZ INTERNATIONAL, INC. (closed 10/08/1999)"
363,1939-01-01,530.0,bc,bbc,752,Barbara,Crabb,Brandriff,3:99-cv-377,20206,wiw,wiwd,9900377,9900377,"3:99-cv-00377-bbc LOEB INDUSTRIES, INC. v. MERRILL LYNCH INTERNATIONAL, INC (closed 04/06/2001)"
364,1939-01-01,530.0,bc,bbc,752,Barbara,Crabb,Brandriff,3:99-cv-468,19099,wiw,wiwd,9900468,9900468,"3:99-cv-00468-bbc METAL PREP COMPANY, INC. v. MERRILL LYNCH INTERNATIONAL, INC. (closed 04/06/2001)"
365,1939-01-01,530.0,bc,bbc,752,Barbara,Crabb,Brandriff,3:99-cv-621,19239,wiw,wiwd,9900621,9900621,3:99-cv-00621-bbc VIACOM INC v. GLOBAL MINERALS AND METALS CORP. (closed 09/28/2004)
366,1939-01-01,530.0,bc,bbc,752,Barbara,Crabb,Brandriff,3:99-cv-801,19414,wiw,wiwd,9900801,9900801,"3:99-cv-00801-bbc OCEAN VIEW CAPITAL, INC. v. GLOBAL MINERALS AND METALS CORP. (closed 09/28/2004)"
367,1939-01-01,530.0,bc,bbc,752,Barbara,Crabb,Brandriff,3:10-cv-259,28286,wiw,wiwd,100259,100259,"3:10-cv-00259-bbc Ripp, Timothy v. Bradley, Robyn (closed 07/12/2011)"
368,1939-01-01,530.0,bc,bbc,752,Barbara,Crabb,Brandriff,3:10-cv-13,27542,wiw,wiwd,100013,100013,"3:10-cv-00013-bbc J&J Sports Productions, Inc. v. Huntala Corporation et al (closed 08/03/2010)"
369,1939-01-01,530.0,bc,bbc,752,Barbara,Crabb,Brandriff,3:99-cv-621,19239,wiw,wiwd,9900621,9900621,3:99-cv-00621-bbc VIACOM INC v. GLOBAL MINERALS AND METALS CORP. (closed 09/28/2004)
370,1939-01-01,530.0,bc,bbc,752,Barbara,Crabb,Brandriff,3:99-cv-801,19414,wiw,wiwd,9900801,9900801,"3:99-cv-00801-bbc OCEAN VIEW CAPITAL, INC. v. GLOBAL MINERALS AND METALS CORP. (closed 09/28/2004)"
371,1939-01-01,530.0,bc,bbc,752,Barbara,Crabb,Brandriff,3:11-cv-107,29691,wiw,wiwd,1100107,1100107,"3:11-cv-00107-bbc Wisconsin Jam Productions, Inc. et al v. Willis, Bobby (closed 05/03/2011)"
372,1920-04-02,679.0,je,joe,961,Joseph,Eaton,Oscar,4:92-cv-1063,9591,okn,oknd,9201063,9201063,"4:92-cv-01063-joe Natl Assn Review App, et al v. Land (closed 02/22/1993)"
373,1920-04-02,679.0,je,joe,961,Joseph,Eaton,Oscar,4:99-cv-305,20077,okn,oknd,9900305,9900305,"4:99-cv-00305-joe BOK Financial Corp v. USA, et al (closed 05/06/1999)"
374,1929-01-11,704.0,je,joe,989,James,Ellison,O.,4:92-cv-1063,9591,okn,oknd,9201063,9201063,"4:92-cv-01063-joe Natl Assn Review App, et al v. Land (closed 02/22/1993)"
375,1929-01-11,704.0,je,joe,989,James,Ellison,O.,4:99-cv-305,20077,okn,oknd,9900305,9900305,"4:99-cv-00305-joe BOK Financial Corp v. USA, et al (closed 05/06/1999)"
